name,Position,field_goal_percentage,free_throw_percentage,made_three_point_field_goals,points_scored,rebounds,assists,steals,blocks,turnovers
Steven Adams,C,1.014890738,1.231050277,0.03365855729,6.102631756,14.40604145,3.65969376,2.206296955,1.530294916,0.7376830125
Bam Adebayo,C,1.047937284,0,0,21.59258861,11.11284962,3.330215595,0,1.226654292,4.996042935
LaMarcus Aldridge,C,0.9108409336,1.093340799,4.382600268,27.73217154,9.432135823,1.458919682,0,2.152837392,4.611032286
Nickeil Alexander-Walker,SG,0.05319255002,0.3488422655,0.3813210606,9.766210975,0,0.1915939455,0,0.5234818499,3.645785429
Grayson Allen,SG,0.1695142691,0.1260728639,0.5290596628,8.4522318,3.211336795,1.546269963,0.337184245,0.2650061791,0.7903141722
Jarrett Allen,C,0.5908785083,0.3205656324,0,13.26168151,10.1973246,1.749787945,0.4834495319,0.5841677631,0.02399136267
Kadeem Allen,PF,1.823741738,0,0,7.248242594,1.074859933,2.497482805,0.4869390051,0.6971424652,0.04512418998
Al-Farouq Aminu,PF,4.863149262,0,0.3101647344,8.058382163,5.199972971,1.991520171,0,0.7779902256,0.4164990058
Justin Anderson,PF,0.2083376244,0.9949479867,0,0,0.2289322397,0,0,0.6969478259,0
Kyle Anderson,PF,0.481560218,0,0.2843848825,8.411456636,8.483378351,0,0,0.2359012513,0
Ryan Anderson,PF,0.2374106504,0,0.8168599038,2.978853835,9.084054361,1.588272139,0.5533754207,0,1.014938183
Giannis Antetokounmpo,PF,0.5518018019,3.903307724,0,27.22235454,14.03033962,0.9063664527,1.391970178,3.168321494,4.68010849
Kostas Antetokounmpo,SF,0,0,0,0,1.076476237,0,0,0,0
Thanasis Antetokounmpo,SF,2.035986552,0.2718290552,0,0,3.416052838,3.122835593,0.2457974454,0,0.9350282926
Carmelo Anthony,PF,0.4300849279,0,0,19.03590681,3.587997761,3.506748944,2.190702494,0,1.970748236
OG Anunoby,PF,0.1954843103,0,1.058819566,3.424763042,7.93763517,3.331078302,0,0.8253761305,0
Ryan Arcidiacono,SF,0,0.7892472161,0.3333196683,0.756182557,0.7948385119,2.304978555,0.6207772933,0,1.640561356
Trevor Ariza,SF,0.4566831137,0.6852472862,0.6833620848,3.922313754,5.389082836,4.460639693,2.718199491,0.4159405233,3.15758197
D.J. Augustin,PG,0.7960868352,35.87783174,0.15006905,5.430640685,1.400347989,3.344268152,0.5435277083,0.1098416417,0.9815214427
Deandre Ayton,C,0.7480378366,1.54176618,0,21.56943291,19.066743,0.3025443823,1.274403662,1.435782733,1.07508461
Dwayne Bacon,PF,1.11527606,1.081235059,0,0,2.989952661,0.6718536375,1.30195076,0,0.9788059
Marvin Bagley III,PF,0.4942895178,0.6193873978,0,15.40124733,9.479916533,0.09384463662,0.397270931,1.616062024,1.36123824
Lonzo Ball,PG,0.617914146,0.3730704581,1.442273859,17.68495001,5.608252582,9.037017715,2.323403504,0.6733010632,4.36547171
Mo Bamba,C,0.5436133213,4.141772188,0.2153346847,1.582048185,2.143935439,2.096980026,0.6127179823,2.581744244,2.644091504
J.J. Barea,PG,0.2626714484,0,1.159779437,3.708381651,2.646151733,3.67883004,0,0.1690765391,1.250591206
Harrison Barnes,SF,1.027996276,0.531750266,1.48659044,12.56240924,6.619823345,0,0.8602074585,0,3.125135604
RJ Barrett,SF,0.01645798745,0.2371406554,0.706313277,6.888562959,6.810894132,0.5583430579,0.472909375,0,1.396085896
Will Barton,SF,0,0.1741181932,3.653127757,15.41098278,10.28291242,5.770807389,0.7868128939,0.7592743588,1.319552332
Keita Bates-Diop,PF,0.3638775644,2.499619503,0,8.473386057,2.024481009,2.735615727,0.5371147282,0.6946206592,1.185279775
Nicolas Batum,SF,0,0,0.8839839156,3.249168617,5.513954268,0.8484380042,1.610787531,0.6572122492,0.8731728115
Aron Baynes,C,0.02207905252,1.275171961,1.875348859,18.99890315,2.690268509,2.709157919,0,0.5466004546,0.5434445936
Kent Bazemore,SF,0.6777786497,0.4904876137,0.2231537989,9.367608164,1.494394722,2.436228752,1.248015897,2.668734074,3.297790506
Darius Bazley,SG,0,0,0.9087579496,2.368218893,2.061199032,0.4887853748,0.4346360321,0.412700236,0.2921296501
Bradley Beal,SG,0.5709562807,0.1098432606,5.629885326,54.82188513,4.202619937,5.569126126,1.234614665,0.8268032428,5.561285085
Malik Beasley,SG,0.3486725623,0,1.125260226,13.37342049,7.461380493,0,0.2493986633,0.599584021,0.3649959987
Marco Belinelli,SG,0.6224663057,0.1172629042,1.529106894,3.233893522,0,0,0.1709906692,0,0.5069496175
Jordan Bell,C,0.2157732274,0,0.1156972242,0,1.572569401,0,0,0.04142031293,0
DeAndre' Bembry,PF,0,0,1.856242164,0,0.5829313954,3.760949052,0.2855048156,0.3591132518,2.275064747
Dragan Bender,C,0.5563399086,1.434473838,0.04637507363,6.011153513,1.01211571,0.9041990745,0,0.2047179088,1.25977664
Dāvis Bertāns,PF,0.4101989412,0.1120905463,6.421966554,14.50624225,4.08647094,2.093575773,1.00344883,1.007554956,1.811608242
Patrick Beverley,PG,0.3997494251,0.02941771521,3.043621049,0,6.366574105,3.60912733,3.117737429,0,0
Khem Birch,SF,1.682822405,0.4761537541,0,6.622019584,5.752933323,1.648330335,0.09833806041,0.7697458538,1.015489941
Goga Bitadze,SF,0.3151893395,1.059872968,0,1.519248014,0,0,0.006643399043,1.607204541,0
Bismack Biyombo,C,0.09903561496,0.3015347075,0,10.0320225,2.662274193,2.920637314,1.378667268,2.762690771,1.175389879
Nemanja Bjelica,SG,0.2950633446,0,0,14.68494505,9.834930009,4.347473257,0.228940911,0.6331378309,3.233080504
Eric Bledsoe,PG,0.5323774505,1.243207158,0,21.02497901,3.370270337,6.509793197,1.380383531,0.6556542551,2.457245797
Bogdan Bogdanović,SG,0.1760453457,0,1.775733039,6.419883169,3.850734941,3.891478733,0.3075691236,0.7504728002,1.947407171
Bojan Bogdanović,C,0.7272269578,1.663770863,1.752696466,20.29129132,6.236761911,1.658463947,0,0.4283859075,3.152247785
Jonah Bolden,PF,0,0,0,0,2.961176677,0,0.5101130753,0,0.4755746445
Marques Bolden,PF,0,0,0,0,0,0,0,0,0
Jordan Bone,PF,0.6623092749,0,0,0,1.271563617,0,0.2676619373,0,0.8034199787
Isaac Bonga,C,0.5714073221,0,0.9753083585,10.10596896,1.904683445,2.615255146,0.2613893563,0,0.6132413255
Devin Booker,SG,0.5648071685,0.5998018144,1.598972235,24.62937607,1.684668969,8.021577573,0.3721188703,0,1.164760021
Chris Boucher,SG,0.3293887952,0,0.8946940468,5.980581068,2.677030278,1.15772866,0,1.088491847,0
Brian Bowen,SG,2.006448064,0,0,1.661396791,1.093500523,0,0,0,0
Ky Bowman,SG,0.489854792,11.0958757,2.330386973,7.008584722,3.014265124,1.764638774,1.02652992,0.8017050993,4.691304893
Avery Bradley,SG,0.2318020863,0,2.03828546,13.0767998,2.711971543,0.9566150648,1.204923901,0.3646391385,0.8350545729
Tony Bradley,SG,0,0,0.07218446303,7.548238197,2.943814354,0.8993067388,1.446966614,0.2195864203,0.07026498081
Jarrell Brantley,PG,0,0,0,0,1.213442926,0.04595942108,0,0.2645523975,0.4311443227
Ignas Brazdeikis,PG,0.2388004474,0,0,0.9515873081,0.9815968799,0.9252705288,0,0.104298752,0.01899543302
Mikal Bridges,SG,2.425433678,0.6436820221,0.4531001459,10.11459341,3.784693101,2.661174499,2.406937871,1.061116636,1.129541254
Miles Bridges,SG,0.1601456974,0,0.7701348086,0.7523616831,10.2461563,3.599361482,0.7769001358,1.202135839,1.532793978
Oshae Brissett,PG,0,0,0,0,3.2095406,0,0,0.3281330052,0.1951349203
Ryan Broekhoff,SF,0.3334016686,20.39929593,1.213519958,5.458566332,5.504362246,1.963525616,0.7133438464,0.2437174028,0.1448914044
Malcolm Brogdon,SG,0.6183679881,0,2.114989565,8.184200597,4.277357117,6.335151912,1.151744571,0.08967844557,4.315882383
Dillon Brooks,SG,0.4027475462,0.8701531058,3.20252009,13.37144347,3.114978514,1.571714453,1.226396873,0.1758308319,4.994236195
Bruce Brown,SG,0.3487090145,0.3604046446,0.3819545471,6.196694984,10.93272359,6.597609389,0.01195566599,0,0
Charlie Brown,PF,0.8556625257,0.4586320328,0,5.682127749,2.038074129,0.5116761985,0.6363421198,0.1337989556,1.157798865
Jaylen Brown,SG,0.2989159936,0.4175488066,1.73795515,11.33675557,4.225282121,0,1.144246207,0.3939331856,2.358290011
Moses Brown,SF,0,0.008659752603,0,1.346341421,2.816858965,0,0,0.5452518185,0
Sterling Brown,C,0.3598745073,0,1.131306059,2.131874996,8.25670395,0.6175626846,0.2801416759,0.20887117,0.8650077044
Troy Brown Jr.,SG,0.5319096418,0.63285185,0,17.16071415,4.183249298,3.123617403,2.689950876,0,0.1024805141
Jalen Brunson,PF,0.6442514287,1.250981988,0.9503940434,13.49076046,3.193045748,0.6332144777,0,0.04265220097,3.513771899
Thomas Bryant,PF,1.96131094,0.4588142292,0.2310008898,10.80948919,7.635792757,1.94597959,1.000422336,0,1.599003833
Reggie Bullock,SG,1.106623955,2.110968143,1.968069824,6.320450026,2.209920752,0.4473273524,0.2012670735,0,0.7653944928
Trey Burke,PG,3.973237773,0,0.8862718291,5.89517971,1.770879872,2.534927405,0,0,0
Alec Burks,SG,0.4382913306,2.461152062,2.30127863,23.92012794,4.414300152,2.512660234,1.455206057,0.6942826998,1.017783761
Deonte Burton,SF,0.4086590707,0,0,0,0,0.312742234,0.002953529528,0.7094133417,0.01379814946
Jimmy Butler,SG,0.2644657466,0.2735948301,0,13.64910466,7.241259412,9.77950608,1.547104082,1.314138158,3.57302839
Bruno Caboclo,C,0.5684375908,0.2105112815,0.152707858,4.647326396,0,0.1281341582,0.02426216438,0.2302399741,0.6517208225
Kentavious Caldwell-Pope,SG,0.384461093,0,1.493105596,14.28039932,3.761459512,0.06107403906,2.052736,0,0.4168836053
Vlatko Čančar,C,0,8.752685184,0,3.597482245,0.3475576261,0,0,0,0.7424488245
Clint Capela,C,0.8592091446,0,0,6.84172181,11.41178284,0,1.753287053,2.850749606,0.4849820775
DeMarre Carroll,SF,0,0,0.6358637697,0,2.162614881,0.1569645236,0.02168070362,0,1.376553474
Jevon Carter,SF,3.19730945,0.1298898865,0,6.220207983,0.969283631,0.646033038,0.8535462909,0.3597224552,1.20256835
Vince Carter,SG,0.1362052012,0,0,7.567604327,3.716081816,1.117404285,0.9827992122,0.7138289697,1.221511072
Wendell Carter Jr.,C,0.4576893669,0.556872014,0.07931594824,8.958148824,2.980344371,1.034918849,0.1277595674,0.8071753316,2.497864958
Michael Carter-Williams,SG,0.2834780702,0,0,0,3.817700138,2.006079909,0.6165475669,1.459130223,1.781825234
Alex Caruso,SG,0,0,0,12.13999744,1.592566425,4.304536246,0.6753988377,0.7064158436,1.857311699
Willie Cauley-Stein,C,0.7730175441,0,0,6.272982779,5.798211061,1.5101177,0.1237660506,1.548059106,1.196066914
Tyson Chandler,C,0.105526443,0.7622198624,0,0,0,0,0.05240214368,1.023634835,0.5396613658
Wilson Chandler,SF,0.3971450203,0,2.137512468,7.564686476,4.062357334,1.105168067,0,1.011462576,2.832318188
Joe Chealey,PG,0,0.4625860271,0,0.4442127555,0,0,0.8126818627,0,1.968349844
Zylan Cheatham,PG,0,0,0,0,2.929628989,0.996187016,0,0.8334130397,0.9779240729
Chris Chiozza,SF,4.771823078,0.4611075314,0.7420597466,1.945664847,1.750192898,2.562380036,1.645559288,0,1.370918909
Marquese Chriss,SG,0.2542746904,1.368797768,0.6825177487,8.392081971,8.125329727,0.4139545776,0.9791747189,2.99593369,2.041904785
Gary Clark,PG,0,3.917951523,2.589166994,3.562063531,2.51267899,0.04811251894,0.898775224,0.1875296564,0.2966151897
Brandon Clarke,PG,0.5990405563,0.5716679952,0,15.14720901,8.969094206,0.8826299009,0.9282428709,1.09310148,1.104054971
Jordan Clarkson,PG,0.5675921464,0.8203034006,2.3295037,15.54268216,4.376650651,0.003909233232,0.2046821942,0,0
Nicolas Claxton,SG,0.1038583924,0,0.4668918891,3.060614551,6.748489167,0.489657354,0.09518267769,0,0.6136486145
Chris Clemons,PF,0.3666474639,1.029987817,0,5.175548175,0.1095468022,3.658051284,0,0,0.6365267614
Antonius Cleveland,PF,0.8172683065,1.135859611,0,0.7137267722,0,0,0.299779012,0.7997685954,0.2806450334
Amir Coffey,C,0.1168837063,0.1519729539,0,0.4740667503,1.477869184,1.218700683,0.3020694167,0.03038771112,0
John Collins,PF,0.2555938881,0.3630631367,1.403193671,16.27176232,7.993565662,0.6764855696,0.6424438188,0.08327093758,0.5158832662
Zach Collins,C,0.7555969833,0.6553098629,1.870226878,9.585889904,0,1.557866481,0,0,2
Mike Conley,PG,2.077156769,0.7149365776,0,11.71853168,4.336661089,5.908048375,0.6474122668,0.01030006862,4.905712415
Pat Connaughton,SF,0.8681430174,1.382304689,3.198015694,4.610037211,2.479053237,2.218255066,0.263322573,0.7603863623,0.4869579027
Quinn Cook,PG,0.6566296802,0.03808339001,0.9740830473,0.6059604681,2.614958296,2.087376259,0.2908407046,0,0.898679457
Tyler Cook,PG,0.5837679704,0,0,1.736683118,0,0,0,0,0
Robert Covington,SF,0.01566744645,0.9852822419,2.346909351,12.0447042,4.770212153,1.533069274,0.7236781412,0,3.336452431
Allen Crabbe,SG,0,0.1722894021,0,11.37687188,2.471796966,0.8686054381,1.812391435,0.1460499591,1.702398935
Torrey Craig,C,0.7741142355,0,0.1743026976,2.989747914,2.62937021,0,0,2.006173644,0
Jae Crowder,SF,0.6616645266,1.814743894,2.116014267,0,5.904496361,2.175918472,2.302341315,0.5235566561,1.99015929
Jarrett Culver,SG,0.002693202345,0,1.93618367,6.368919451,1.472906056,1.771455045,1.081178461,1.199420038,0.9548251295
Seth Curry,PG,0.3273273959,3.111579658,1.152240758,25.34320222,2.337521269,4.749997194,0.9870540894,0.9899092122,1.484463502
Stephen Curry,PG,0.4522721034,0.9104223109,0.8887871565,26.95201279,6.284101256,7.589336152,1.28726503,0.467196067,1.889944603
Troy Daniels,SG,0.6222980096,0,1.873753744,5.082413408,1.476766678,0.1341001339,0.4164856722,0,0.3909422108
Anthony Davis,PF,0.7169626772,4.990565308,0,25.80429343,9.509089527,3.320364897,1.197598495,2.623419764,5.206753958
Ed Davis,C,0,0.157897406,0,3.561556399,4.331004839,0.746279439,1.100204526,0.6998689526,0.5341345785
Terence Davis,PF,0,0,0.1537103117,0,0.510051238,0.5815211169,1.319796787,0,0
Dewayne Dedmon,C,3.008830052,0.475507648,0.2945589067,8.145724663,5.804522154,1.828613191,1.566998412,0,2.599027844
Matthew Dellavedova,PG,0.292972151,0,0.1567780341,0,1.947732909,4.353574965,0.2889133655,0,1.684293527
DeMar DeRozan,SG,0.3007838833,0.2449102813,0,24.79197585,4.347646192,8.49584812,0.8142597393,0.3498794975,2.440607614
Cheick Diallo,C,0.2148796375,0,0.140443708,6.570167775,4.813670174,0.5586230859,0,1.14080063,0.2297801911
Hamidou Diallo,SG,2.658975591,0.09378649862,0.06849862929,6.943674895,2.985774595,1.224911355,0,0.4495125254,1.672702499
Gorgui Dieng,PF,1.025276632,0.2784628714,0,0,9.814693259,1.434465985,1.416530754,0,0
Spencer Dinwiddie,PG,0.3407448716,0.8428699065,3.99710144,24.74597882,5.481728155,7.4022277,1.52456686,0.4883702731,1.135521413
Donte DiVincenzo,C,0,0.3772180532,2.336615008,7.9714801,3.380162367,0.05004732863,1.568317363,0,1.799467824
Luka Dončić,SF,0.692542322,0.3268219359,3.768553516,33.89401384,10.70748147,16.08398071,0.8552729626,0,2.109603507
Luguentz Dort,C,0.2253470897,7.626565316,0.04852757289,11.99093513,1.574282373,0.9288223908,1.68949401,0,0
Damyean Dotson,C,0.8377840515,0.9033583315,2.397670228,7.432738451,4.898002864,1.247110573,0.09644511797,0.1064308087,0.5532717408
Sekou Doumbouya,PF,0,0,0.8661492898,10.89715989,5.305302095,1.512259126,0.1822815802,0,0.8485295958
PJ Dozier,SG,0.2841977096,2.351848926,0.2028876147,3.124546547,1.076013366,0,0,0.5763007869,0
Goran Dragić,PG,0.3661373744,2.764475695,1.431288568,27.87240054,5.051561013,3.845865209,1.802429124,0.09172076848,5.871016826
Andre Drummond,C,1.254250704,0.4597031635,0,26.03232274,22.98364242,3.241583271,2.477251184,1.552256796,2.447174644
Jared Dudley,SF,0,7.68861292,0.9372028071,0,0,0,0,0,0
Kris Dunn,PG,0.6241800742,0,2.059409462,4.304183348,0.5001523631,3.3829519,2.419644572,0.8972435523,0.9361894156
Carsen Edwards,PG,1.863596544,1.042914365,1.530614777,2.332386718,0,0,0.05511777881,0,0.1171943464
Henry Ellenson,PG,0.1270407696,0,0,0,1.158872439,0,0,0,0
Wayne Ellington,PG,0.168262647,2.36357768,0.2145416549,15.42750856,2.115939277,0.4446646191,0.835289934,0,0
Joel Embiid,C,0.560107324,0.4542251929,0,32.34760871,15.74182452,6.570139481,2.179359515,3.719500923,2.644139056
James Ennis,PF,0.2295885282,0,0.150568536,13.11547606,8.802013158,0,0,0.4328849066,2.187737435
Drew Eubanks,SF,1.490008394,0.3391233066,0.006350764713,4.554250321,3.812653292,0.8506138927,0,1.536289404,0.3014351512
Jacob Evans,SF,0.5742264421,0.7509277918,0.88906232,2.400628223,0.711545181,0.6996519594,1.093490703,1.781404717,3.349330094
Dante Exum,SG,0.6586064561,0.1938023564,0,8.112080472,0,2.07630143,1.760201736,0.4598220941,2.089263345
Tacko Fall,C,0.2182815113,1.004075553,0,3.934156529,1.055789268,0,0,0.05870582842,0.9591437512
Derrick Favors,C,0.5482103246,0.6092395877,0,13.71361516,9.847998926,0.3297789906,0.8457291643,1.296822718,0
Cristiano Felício,C,0.9404728544,0,0,4.724698593,4.302347803,0,0,0,0.6554317496
Terrance Ferguson,SF,0,0,1.204897142,0,0.7775181685,1.279528169,0.4466156093,0.8099381871,0.2013117141
Bruno Fernando,SG,0.1815698597,0.2660539674,0,4.505217311,2.677454903,0.797245661,0.4026568658,0,0
Yogi Ferrell,SG,2.544543935,1.740459931,1.379036028,3.258500036,0.8668787956,1.609701568,0.2840826452,0.4122316439,1.526235506
Dorian Finney-Smith,SF,0.5044422744,0,1.075195006,8.172829686,1.776864881,1.72248999,1.598303546,1.723885713,1.918593783
Bryn Forbes,PF,0.6016671772,0,3.732353759,9.153494886,1.54931786,0.7933373916,0.8493434059,0,2.090658729
Evan Fournier,SG,1.265210534,0.1812487874,2.203860845,25.45090342,4.353292204,5.786447685,1.011349995,0,1.398955323
De'Aaron Fox,PG,0.5740285953,0.689682025,2.404071457,19.03829866,6.345180158,4.425487365,1.924401666,0,0
Melvin Frazier,PG,0.562825316,0,0.4767310744,0,0.8814616094,0.3883162442,0,0,0
Michael Frazier,PG,0,0,0.4034105257,1.491304782,0,0.2704364309,0,0,0.6942348735
Tim Frazier,PG,0,0,0,5.095578599,0.08094135535,0,0,0,0.5860423715
Markelle Fultz,PG,0.5394185181,2.095522898,1.012063912,21.75264945,0,5.131780032,2.762835372,0.5667981951,0.8135912913
Wenyen Gabriel,PF,0.3233629988,0,0.0178023147,1.532789714,3.009324577,0.03475709571,0,1.054521271,0.2059281664
Daniel Gafford,SG,0.3555404222,0,0,9.423790771,1.572540453,0,0,1.297239509,1.207453427
Danilo Gallinari,SF,0.4823199639,0.4566132755,4.199019766,25.49854308,5.809687183,2.957585194,1.781872187,0.1398981401,2.661645055
Langston Galloway,SG,0.519750415,101.0085593,2.253727986,8.389342547,1.138161177,0,0.1834508038,0.2173446543,0.7734834403
Darius Garland,PG,0.6814982304,0.2618409745,2.119310198,16.91913604,0.3598277615,5.546494623,0.8361895523,0.187691656,6.217870177
Marc Gasol,C,0.2242615859,0.03309467782,3.085793522,7.071557532,5.942940041,2.920361994,0.1946700799,0,3.076634663
Rudy Gay,SF,0.5447375254,0,1.724966236,16.1240378,2.794236189,1.667012584,1.256609832,0,0.7990811597
Paul George,SF,0.3671026009,3.457484022,0,22.11612477,3.540335059,6.961075281,1.469122275,1.123649951,4.619978999
Taj Gibson,PF,0,0,0.08287784658,10.1008976,6.287341238,0.8741317074,0.4514801687,1.179587991,1.483966806
Harry Giles,PF,2.00255775,1.177184591,0,4.538993354,4.548481625,3.308620453,1.309949193,0.6891370116,0.1342860234
Shai Gilgeous-Alexander,SG,0.3762649778,1.233273195,0,15.83711737,1.941324853,1.517935605,1.826664835,0.08925381579,4.315990933
Rudy Gobert,C,0.4856486707,1.655371395,0,17.47502383,9.454198248,0.9151317247,1.235632211,3.217742991,0.6061173126
Brandon Goodwin,C,0.2226501176,0.2969054527,0.7590560375,4.703073559,0,0,1.112134948,0,1.079956083
Aaron Gordon,PF,0,1.165750403,2.933764694,8.563474256,6.744403152,4.257157038,0.8879709013,1.390145873,0.3826233039
Eric Gordon,SG,1.176016583,0,0,32.34732914,0,0,0.5133099349,1.150155619,1.787561007
Devonte' Graham,SG,0.544488241,0.9148351928,3.004290076,31.70862194,5.7724433,1.650935594,1.313281569,0.5638744914,3.952819595
Treveon Graham,SG,0.9656545996,2.444068319,1.634119823,6.549986439,3.633748696,1.779060762,0.5831830373,0.7783925067,0
Jerami Grant,SG,0.2780484832,0.4199229946,0.7701322372,8.268650637,1.871440149,0,0.4742541369,2.481618525,0
Josh Gray,PF,0.04785659976,0,0,2.435225222,0.8787858957,1,0,0,3.2607662
Danny Green,SG,0.4334454838,1.10749708,1.668841725,20.51155617,2.693895449,0.9102792211,0,1.401813298,0.9683851055
Draymond Green,PF,0.2352874235,0,2.52128653,7.828973526,4.636644364,3.102483968,1.857475455,0,4.740447047
JaMychal Green,C,0.4786827647,0,0,9.262968198,8.117968949,0,1.401489146,0,0.5723119272
Javonte Green,C,0,0,0,2.995344651,0.9699369457,0.9132773369,2.093455684,0.6101583989,0.5028043399
Jeff Green,PF,0.02472262649,1.061436069,0.8897768271,6.364621117,2.44731348,1.472884623,0,0.4954526788,0.037659083
Blake Griffin,PF,0.2690630171,0.836262751,1.204056656,13.28999944,4.318334444,3.013790759,1.062914764,0.628224189,2.090625369
Marko Guduric,PF,0.1764041179,0.3710415066,0.1415575197,4.109732352,0.5849946006,2.672094334,0.4255710607,0.1552614998,1.085366079
Kyle Guy,SF,0.781101726,0,0,1.320299291,0,0,0,0,0
Rui Hachimura,PF,0.5841920703,0,0.9533004265,16.58254552,11.61682447,1.64514361,1.241538018,0.3708083789,2.587201931
Devon Hall,C,0.9535414239,0.6408023819,0,0,0.08718643657,0,0,0,0
Donta Hall,C,0,0.08764394208,0,1.444723871,2.677021227,0,0.2517138149,0.2465480445,1.232317457
Dusty Hannahs,C,0.2366324147,0.1077041059,1.12039132,5.494259004,0,0,0,0,0
Tim Hardaway Jr.,SG,0.08643709129,1.199931877,8.911484457,8.622639134,6.155512901,4.332315788,0.6115535495,0.2355784926,0
James Harden,SG,0.9387309971,0.5411457309,3.577439727,47.8876564,7.441340968,8.73474375,3.187816106,2.066870595,5.429878085
Maurice Harkless,SF,0.1304304643,0.3440311974,0,4.515962376,3.3930995,1.64555006,0.6278865726,0.1545980997,0.795930475
Jared Harper,SF,2.383752516,0,0,2.46147882,0,0,0,0,0
Montrezl Harrell,PF,0.4742228707,0.3630795271,0,26.41277162,2.413815815,1.348240682,0,0.6904633654,2.235855501
Gary Harris,PG,0.3017528653,0.9960663039,0,15.50084343,1.198197911,1.139877733,0.7926406807,0.2213855213,1.352972663
Joe Harris,SG,0.5869662489,0.3927437329,2.366233597,7.398178129,3.244991041,2.5539614,0.3987103571,0,1.22466835
Tobias Harris,PF,0.3784984216,0.5628899135,1.501121675,17.34344314,6.168008633,2.111644921,0,0,2.575215831
Shaquille Harrison,C,0.8176586329,0,0.7083495221,1.713099182,4.016631283,3.951253308,1.105853131,0.6202947814,0.6667011215
Josh Hart,SG,0.4800692553,0.50687943,2.887611759,10.9798769,5.615239472,0,1.584632122,0.2885498534,0.8056576608
Isaiah Hartenstein,PG,0.3979466661,0.7863392153,0,0.6839234096,0,1.264994349,0.3916131441,0,0.5300435286
Udonis Haslem,PF,0.09772448772,0.2539814586,0,1.820574236,3.09440314,0.09630414134,0,0,0
Jaxson Hayes,C,0.6368333954,0,0.1215182254,0,6.668333323,1.107014767,0.6873902782,1.922515599,1.436995205
Gordon Hayward,SF,0.2235573413,0,2.033484974,14.45459663,7.38170628,5.905274265,0.8850603919,0.4484688579,0
John Henson,PF,0.6982929671,0,0,0.6426855171,1.040549451,1.593852737,0.4202425069,1.778851324,0
Dewan Hernandez,SG,0.3477596304,0,0,1.485394596,4.629946465,0,0.1994587613,0,0
Juan Hernangómez,PF,0,0,0,9.635546336,4.720288194,2.495864379,0.1000082067,0.5980410807,0.3867369536
Willy Hernangómez,PF,0,0.5139348939,0,9.89294286,5.799365705,1.753785369,1.273694524,0.4058055733,2.120671435
Tyler Herro,SG,0.5151421282,0,2.034778052,13.53189346,6.823864459,2.766188928,0,0,0.7124931808
Kevin Hervey,SF,0,0,0,0.4774550558,0.6628250583,0.1075107793,0,0,0
Mario Hezonja,SG,0,0,0,8.554278699,4.66215286,0,0,0,0.2109771935
Buddy Hield,SG,0.4433426121,0.5267708321,1.290958506,13.40960924,7.390959855,3.395686673,0.9053139457,0.4240222773,0
George Hill,PG,0.3603990879,0,0,9.029511283,4.464978484,2.504186396,0.1961062877,0.2431733554,1.202299689
Solomon Hill,PF,0.7138179973,0,0,6.244231552,4.606534413,1.227642328,0.1594638228,0.9610620191,1.421029751
Jaylen Hoard,SG,0.3701708706,1.357742538,0,3.775029851,2.681670406,0.8996097275,0,0,0.9466865913
Aaron Holiday,PG,0,0.9030336988,3.189885296,26.71611777,2.457663537,2.183671581,1.383766722,0.1710337715,1.340296617
Jrue Holiday,PG,0.4447880872,19.56703648,0.894497619,25.15748868,4.039520992,9.66831708,2.155458797,0.6090072434,5.054232184
Justin Holiday,SF,1.272024508,0,0.6218233992,0,3.454397992,2.721163752,0,0,0.06166263574
Rondae Hollis-Jefferson,PF,0.1961138003,1.601381066,0.1136713816,16.62500866,3.291769987,0.3647760342,1.196710814,0.8774943467,0.7332152402
Richaun Holmes,C,0.4467186346,0.1014223082,0,6.944426045,9.358837091,0,1.853412176,2.611571364,0.8662564131
Rodney Hood,SG,0.5585933114,0,2.26320034,12.52452809,3.431204244,1.843078118,1.445112564,0,0
Al Horford,C,1.020302626,0,3.183283084,23.64579373,1.859766489,5.825746574,0.1264257471,2.017473308,2.516086892
Talen Horton-Tucker,SG,0,0,0,0,0,1,1.381457085,0,0
Danuel House,PG,0.5405882125,0.8401866363,1.294136058,6.871431556,4.683553382,1.623709626,0,0.865691266,0.2923496942
Dwight Howard,C,0,0.7761865797,0.7825220112,0,3.556814238,0.9648045918,1.215380401,1.68928326,0.5286792249
William Howard,C,0,0,0,0,0,0.9842434042,0,0,1.288195364
Kevin Huerter,SG,0.7063626387,2.066688356,2.708614894,10.25792787,8.781093679,6.103794311,0.5373650873,0.3121745827,3.189865086
De'Andre Hunter,SF,0.1344757368,0.7019274012,2.262557956,7.330082473,3.870239164,3.136631225,4.479125434,0.2572166001,2.647820598
Chandler Hutchison,PF,0.2403013569,0,0.3437624334,0,1.175431396,2.437399035,1.153410597,0.5699541107,0.8179191603
Serge Ibaka,PF,0.2344649843,2.130552723,1.104545218,8.765357418,16.70554961,2.229015388,0.9964847526,0.6749712933,0
Andre Iguodala,SF,1.752159599,0.02042039629,1.023311908,2.781651264,5.001159607,1.370095919,2.223488673,1.665038368,0.386453166
Ersan İlyasova,PF,0.331990457,0,0.9389558218,0.1295003473,1.773647834,0.2110990927,0.1121574268,0.5215596678,0.8692834747
Joe Ingles,SF,0,0.2287973547,1.180421446,8.013378675,6.030507361,3.884987759,1.555186162,0,0.3360130447
Brandon Ingram,SF,0.546224401,0.9075048278,1.723396296,31.15326113,4.921833129,9.486760405,2.950241591,0.103583978,0.9864781301
Kyrie Irving,PG,0.4003336136,0.700115357,3.684316657,20.9019301,7.722743929,7.097191018,0,1.052080825,3.987637898
Jonathan Isaac,PF,0.09958326427,0,2.659151264,4.563751598,3.071874535,2.802463161,0,5.282519893,0.2284271882
Wesley Iwundu,PF,0.4009986596,0,0,1.38080883,4.237913337,0.509266599,0.07393417838,0.2612802313,1.014328778
Frank Jackson,PG,0.1588084358,0.07254202817,1.665641746,6.36922763,3.863800779,0.6946109888,0.4383613729,0.08466086993,0.2839607987
Jaren Jackson Jr.,C,0.08823374648,1.361331494,3.00571345,17.07146018,6.200011188,0.6887505511,0,1.464605256,2.714250816
Josh Jackson,SF,0.428946078,0,1.4654003,0,4.066169724,4.561564957,1.452368222,0.6725070761,1.939415
Justin Jackson,PF,0.05637349833,0.2012067707,0,2.501926338,0.6612136538,0.1964474276,0.4826730817,0,0.01310908551
Reggie Jackson,PG,0.1758031637,0.1768688605,3.5529001,13.18990177,1.703264277,0.8924695666,0,0,1.661330152
Justin James,SF,0.1702104389,0.2639674994,1.04901749,3.291831069,1.073678978,0.004435019932,0.05474584641,0.8271813165,0
LeBron James,SF,0.5645448703,0,0,20.33952854,5.130118608,9.717215038,1.766725494,0.2178874854,5.782436242
Amile Jefferson,PG,0.3929740764,0.6214274551,0,1.200134806,0.2040617006,0,0.01685059029,0.5970051207,0
DaQuan Jeffries,SG,0,0,0.6529100737,0,0,0.3942202016,0.02684523013,0,0
Ty Jerome,SG,0.1145227788,0.7984320305,0,3.51533729,0.832540985,1.867784873,0.5633099339,0.4974244459,0.5202415268
Alize Johnson,SG,0.1905954062,0,0,3.159082807,0.3331203583,0,0,0,0.7940568785
B.J. Johnson,SG,0.2747751285,0.3121937355,0.4835067815,5.969876679,2.318832535,0.5346393349,0,0,0.8618827075
Cameron Johnson,PF,0.3215543972,1.179126335,0.8618827328,9.114601777,0,0.4110591005,0,0,0.17933141
James Johnson,SF,0.2896354646,0,2.68489046,0,6.57879018,0.6542525345,0.3148775459,2.250545014,2.915371217
Keldon Johnson,C,3.113932305,0.5180211959,0.2798333088,1.982905436,0,2.293234352,0.5650827613,0.03040485448,0.8123177415
Stanley Johnson,C,0,0,0.125856905,0,0.5205241977,1.255286445,0.3084983318,0.5772752973,0.6968035371
Tyler Johnson,C,0.5241135003,0,0.9840173246,10.25737294,2.034249826,1.680223071,1.104064166,0,0
Nikola Jokić,C,0.5220566011,0.9360166897,1.006227641,18.86387497,10.79587659,3.267300476,1.333265495,1.020360689,3.617057471
Damian Jones,PG,1.87561931,1.960723579,0,0,7.562409706,2.021575827,1.032164514,0.9144494397,1.768624033
Derrick Jones Jr.,SF,0.6785330557,0,0.6195452671,13.6872985,5.354938914,0.5704315895,0,0.1577337439,0
Tyus Jones,PG,1.117254363,1.886258326,0.8382391791,10.08557662,0.9317031288,4.266116323,1.027014583,0.1385648073,0
DeAndre Jordan,C,0.7930691058,0,0,18.0646314,7.023289071,0,0,1.341128112,0.1376846934
Cory Joseph,PG,0.6139734741,0.4696078037,0.8628562004,1.058136399,0,4.046483783,1.881677259,0.2215001088,0.5744233586
Mfiondu Kabengele,SF,0.04523168378,0.2420743314,0,1.17727818,0.3410569305,0.6300537582,0.0835546691,0,0.4032889683
Frank Kaminsky,C,0.5338553611,3.024444671,2.702131884,17.73021157,1.236452848,0.9759116163,0.9797645571,0.4338764623,2.65702852
Enes Kanter,C,0.1647224781,0.2927125822,0,10.45010146,3.978559038,0.3133132094,0,2.795703098,2.025319153
Luke Kennard,SG,0.6616834322,2.927446595,5.647037233,21.80397005,1.151321589,4.985695274,0,0.1508281491,0.561626514
Stanton Kidd,PG,0,0,0,0,0.6954498069,0.921051316,0,0,1.400193106
Michael Kidd-Gilchrist,SF,0.2504825217,5.213062558,0.1483325201,4.23694105,4.905721885,2.26762887,0.004708547288,0.21385514,0.7136978077
Louis King,SG,0.3650199086,0,0.5571354574,0.4358648061,0.0601193365,0.6544855836,0,0,0.2148491365
Maxi Kleber,PG,0.6606090923,4.52747808,1.994418926,13.37958019,2.780045661,0.8607431175,0,2.075450268,0.09108875596
Brandon Knight,PG,0.8328054356,0,0.08099187099,6.350169667,2.790911631,1.82574387,0.955598458,0.02853301521,1.72094015
Kevin Knox,SF,0.838724101,0,0,9.485381348,1.685023967,1.181116787,0,0.2088326133,0
John Konchar,SF,0.2038386006,0,0.9486416708,2.463783115,0.471289248,1.008026469,0,0,0.8612929069
Furkan Korkmaz,PG,0.2502605225,0,0,0,0.4781292725,1.37930233,1.487526672,0.5778201687,2.170653977
Luke Kornet,SF,0,4.331464133,0.0005970854153,13.18455083,0,1.825532229,0.219577761,0.267499042,0.3835367285
Kyle Korver,SF,0.7943084138,0,3.624233021,12.08413949,0.7659215987,2.733928646,1.065477946,0,1.342671328
Rodions Kurucs,PG,1.966242592,0.442628517,0.5473519807,0,3.59852327,0,0.958700154,0,0.8445408688
Kyle Kuzma,PF,0.351967638,0.2708071908,3.47809815,14.39601484,5.381162604,1.560858646,0,0.4850977166,0.8177380383
Skal Labissière,PG,0.918765832,0,0.9472778412,0,4.345712882,1.604907573,0,1.131430299,0.547504374
Jeremy Lamb,SG,0.5456705273,0,0.9735092308,17.52705939,8.201533376,4.501299957,0.161204643,0,1.588250404
Romeo Langford,SG,0,3.479420052,0.9268805957,1.034136256,0.82599788,0.5608951176,0.3330077106,0,0.51067221
Zach LaVine,SG,0.1711005957,0.003405998987,2.538018446,27.22743097,7.61085734,4.80327323,1.072516892,0.2846957005,1.15180095
Vic Law,PG,0,0,0,0,0.5884593065,0,0,0,0
Jake Layman,C,0.4697102306,0.101270328,3.060268283,11.06908228,3.358158096,1.071012715,0.8555182263,1.11712415,1.203913619
T.J. Leaf,PG,0.6169160886,0,0.1178056169,5.695944935,4.957202307,0.9931243707,0,0.1543829955,0.5630847072
Jalen Lecque,C,0,0,0,3.919382157,0,0.1299691113,0,0,0.8270974024
Courtney Lee,SG,27.18883428,0.644070439,1.333203693,0,1.128037482,0,0.4491271444,0,1.077247153
Damion Lee,SG,0.3075335201,0,2.038394978,21.72295536,1.908435945,2.451098697,0,0.3815533105,0.951966169
Alex Len,C,0.8249442136,2.357728032,0.7182287061,1.309399792,6.352011016,1.553799049,0,0.05311778894,1.934340478
Kawhi Leonard,SF,0.6271235573,0.1723072947,1.494985211,38.88037673,7.498374754,8.532144089,1.603970121,0.8039899925,5.983286756
Meyers Leonard,PF,0.5556674812,2.900565069,1.499695839,0,4.220109899,0,0,0,1.429099763
Caris LeVert,SG,0.5236413078,0.2301902765,4.246497536,14.74164086,9.183839247,2.599702988,0,0,5.692846764
Damian Lillard,PG,0.1944358915,0.2368011801,4.2565332,18.02498484,7.940880629,9.331368596,1.954854971,0.4779438308,2.975455166
Nassir Little,SF,0.7299623155,0.2324115442,0.173153456,3.119041277,0,0,0.2800669516,0.3754876157,0
Kevon Looney,C,0.4391322407,0,0.1698760554,3.310381528,5.882556072,0,0,0,1.007890716
Brook Lopez,C,0.5907693733,1.353704127,2.458591195,8.907189855,4.587244429,1.532155131,0.5086251328,5.421981086,0
Robin Lopez,C,0.3603247273,0.4773027777,0.6246747391,0,2.987216395,0,0.3718385718,0,0.7692250796
Kevin Love,PF,0.3275513217,0.6260303876,0.3949269537,20.65812838,15.85598589,3.349411002,1.005659922,0,1.72882217
Kyle Lowry,PG,0.928398135,0.959108996,3.146753111,20.1044092,8.539749085,8.479403394,0.8879373144,0,3.14297961
Timothé Luwawu-Cabarrot,SG,0.4729593299,0.7275613732,1.414970293,4.813727747,3.773584106,0.1230249377,0.5045061804,0.4121950302,0.6929802149
Trey Lyles,PG,0.9278599952,0.5517078217,0,9.466341548,2.955313969,0,0,0,1.562407771
Daryl Macon,PG,1.667319286,0,1.228954286,1.968121069,0,1.555591176,0,0,0
J.P. Macura,C,0,0,0,0,0,0,0,0,0
Josh Magette,C,0.006525193684,0.7358617034,0,2.52286444,0,1.270088335,0.2551929909,0,0
Ian Mahinmi,C,0.1715732772,0.1951837571,0.3710078649,8.959579284,6.190349647,1.511374153,0.3230881042,1.0872296,2.562589718
Thon Maker,C,0,0,0.7082221563,7.844863855,0,0,0.130221998,1.62793425,1.027969764
Terance Mann,PG,4.424026348,1.201805933,0,3.001276823,0,1.653578486,0.3361094989,0.1009670483,0.4044217563
Boban Marjanović,C,0,0.3984393038,0.1567854889,11.56461614,0,0,0.3638306332,0,0.1406449185
Lauri Markkanen,PF,4.834010403,0.5221216235,2.413818981,23.21626004,4.834390337,0.2928646974,2.467444734,0.1238553134,0
Caleb Martin,PG,0,3.415062849,0,1.498916925,2.729120588,0.7481418629,2.108636147,0,0.569410976
Cody Martin,PG,0.5143406849,0.9084525131,1.099224756,1.918142406,2.161465565,0,0.1585637414,0,0.3169486476
Jeremiah Martin,PG,1.041739964,0,0,0,0.3069477433,0.1964902869,1.032148916,0,0
Kelan Martin,PG,0.5399305522,0.5986068035,2.197411157,4.756302281,3.295816426,0.1707345801,0.695760683,0.008823663994,0.861046679
Frank Mason III,PG,0,0.1159341138,0.2680790215,2.019199086,0,1.96009274,1.414986366,0,0
Garrison Mathews,PG,1.287936576,0.5472023057,0.2949290482,5.602996657,1.664945806,1.238951762,3.020850667,0.3631674424,0
Wesley Matthews,SG,0.4305676463,0,2.488396622,1.85642578,3.002085149,0,0.5255103318,0,0
Patrick McCaw,PG,0,0,0,1.323683923,1.255515877,2.520715088,1.461104621,0.7808509478,0
CJ McCollum,SG,0.3938210229,0.1814636029,2.845642959,24.68020842,3.990852633,9.230522104,0.9124829568,0,5.285164303
T.J. McConnell,SG,3.617733884,1.133393244,0.2250335155,8.67988914,2.413998061,7.069651345,0,0,0.5289157168
Jalen McDaniels,PG,1.948348834,0.4318591935,0.6619007201,9.181443112,4.091937655,0.6545890543,0.820078059,1.483217309,1.551494314
Doug McDermott,SG,0.779924737,0,4.272444495,13.54770436,2.042654357,1.347393584,0.8093881004,0,0
JaVale McGee,C,0.2753905219,0.1560940812,0.6365324808,5.008013237,6.177385418,1.034138171,0,0.9354121363,0
Rodney McGruder,SG,0.8542119814,0.4657264385,1.374285927,3.493505149,0.8148183664,2.011343371,0,0.3634114849,0.9012200422
Alfonzo McKinnie,PG,0.3564190002,0.3306890157,0.387475814,4.290829366,2.52415307,0.1425570573,0.4637076033,0.219455392,1.353412695
Jordan McLaughlin,PG,1.019274049,0.5631355554,0.4392236365,2.120207942,1.129430206,8.728028908,0.3319174348,0,0.9347529077
Ben McLemore,SG,0,2.673685126,2.298764138,13.9151025,3.206694976,1.931480127,0.3471999278,0.138353141,0
Jordan McRae,SG,0.3067415832,0.5123814727,1.994724457,6.324713153,2.277919092,1.881613558,1.168270725,1.338480209,0.7757461392
Nicolò Melli,SG,1.165975941,0.7124424725,0,4.28675666,3.04005421,2.488410762,0.4243768932,0,0.1892178512
De'Anthony Melton,PG,0.1705294708,2.368116403,0.3156701008,10.60305984,4.899881897,6.992199286,0.6541492698,1.244902152,0.8619356445
Chimezie Metu,PG,0.02590707469,0.213690645,0,4.734835147,0.3962630756,1.074890606,0,0,1.353711151
Khris Middleton,SG,0.2494850796,0.7514943934,3.967230425,7.986425895,5.348190516,0.07366567197,2.103091012,0,2.120173219
Eric Mika,SG,0,0,0,0,0,0,0,0,0
C.J. Miles,SG,0.4070643558,10.75841698,0,0,0.7516436516,0,0.3716315234,0.1254325266,0
Malcolm Miller,PG,0.09295836563,0,0,6.30365914,0.4396744432,0,0,0.1808790731,0.6323610445
Patty Mills,PG,0.647775434,2.512447507,4.155779334,12.55348346,0,2.922714308,1.802398371,0.2201498056,0.66235013
Paul Millsap,PF,0.9552627738,1.014390299,0.9734591923,18.5113698,6.240406928,1.245163266,1.283602545,0.1406523622,1.512947481
Shake Milton,SG,0,2.073236754,0.5236976022,20.30441069,4.225583727,3.03029805,0,0.5490383963,1.139774294
Donovan Mitchell,SG,0.811589373,0.7822016631,3.694652498,30.84625626,8.859909117,6.861996408,0,0,2.913061371
Naz Mitrou-Long,SG,0.3500246379,0,1.551200013,8.615169093,1.42139368,1.295812341,1.214549053,0,0.07013884131
Adam Mokoka,PF,0,0.0558416557,0.9680368933,7.322620658,1.395273629,1.522443035,0.6014713181,0,0
Malik Monk,SG,0.01425535423,0,1.362575845,7.243283335,2.478753245,1.346464068,0,0.4159030342,0.7252519121
Matt Mooney,C,0,0,0,0,1.228319652,1.130929262,0,0.02067969724,0
E'Twaun Moore,PF,0.0230666769,12.10206095,0.4628815705,1.038033109,3.946128999,3.042115589,0.7498863222,0.1182304447,1.101169297
Ja Morant,PG,0.2528655707,0.1398555351,1.623467527,10.50568512,3.587116508,4.322140538,0,0,3.904309554
Juwan Morgan,SG,0.4897797961,0,0,1.247150848,2.188831623,0.2983363696,0,0,0
Marcus Morris,PF,0.4025071398,0.09983657703,3.523126721,10.19622655,3.666203405,1.847208263,1.006644688,0.4317217655,1.559473212
Markieff Morris,PF,1.022233703,0,0.918864813,4.514267923,5.49128396,1.656562268,0.6683749631,0,1.326975149
Monte Morris,PF,0.3349276834,1.16085178,1.534355931,0.5784261375,2.637934562,6.529865678,0,0.1128065094,0.8357700586
Johnathan Motley,PF,1.0056219,0,0,0.8378221391,0.8455702919,0.3386658084,0,0,0.8000994729
Emmanuel Mudiay,SG,0.1886857003,2.208653704,0,16.2201875,2.608066484,1.029996679,0,0,0.9527623815
Mychal Mulder,PG,0.3506677545,0,2.521212345,9.648893886,2.886338396,2.189565706,0.1744769516,0.1993160994,0
Dejounte Murray,PG,0.1552450876,0.1518591065,0.8132890007,10.07857356,4.843211109,7.071875094,2.044356641,0.8724905734,0.7005419416
Jamal Murray,PG,0.5535454668,0.008323264891,3.286244438,12.57720677,2.434487825,6.575570058,0.401452577,1.47490288,0.8715833337
Džanan Musa,C,0.1789946414,0,0,10.50324646,1.226742039,2.190809275,0.8676798848,0,0.1261101226
Mike Muscala,C,0,0,1.590561917,8.429210044,0,1.27128886,0,0,1.028665286
Sviatoslav Mykhailiuk,SG,0.3001141338,1.719769561,2.461522969,8.327095927,2.571866266,2.800447272,0,0.0408836889,1.218668518
Abdel Nader,SF,0.4478608602,0.4855402668,2.197623011,11.37766814,1.493981748,1.033969261,0.1965480868,0.277243792,0.6021026337
Larry Nance Jr.,PF,0.3941592717,0,0,0,7.620719542,1.002851532,0.8334891071,0.1192216156,1.520043314
Shabazz Napier,PG,0,2.080007617,0.6492156663,21.80188936,3.054824797,2.683086543,1.244138238,0,3.004252798
Raul Neto,SG,0.1015039968,0.8926937259,0.659754748,5.471453507,0,1.527568491,0.7637647222,0.4912920728,1.316904056
Malik Newman,SG,0,0,0,0,0,0,0,0,0
Georges Niang,PF,0.4006975773,1.224398244,2.440337644,2.069549108,3.729225758,0.3086487245,0.5214272624,0,0.5738397377
Nerlens Noel,C,0.6657785417,0.3891020812,0,3.32833127,1.860339838,0,0,2.11136391,1.026007846
Zach Norvell,C,0,12.53851344,0.8173780083,5.211414774,0,0.150350087,0.156508701,0,1.419027446
Jaylen Nowell,C,0.1527531995,0,0.3825138965,3.732686701,0.8359111589,0,0.3276531648,0,0.9205016415
Frank Ntilikina,PG,0.3850555954,0.8022597313,1.500044329,10.71123785,0.3458997532,7.172303263,0,0,0
Kendrick Nunn,SG,0.4568416658,0.9130112481,0.5253228274,15.02787565,2.178228091,0,0.7451719195,0.4308509251,2.237992423
David Nwaba,SF,0.994463884,0,0,5.519964724,5.397524479,1.187407563,1.620120127,0.455765331,0
Royce O'Neale,PF,0,0.2743888901,2.209687887,7.957938534,6.482277735,1.171271915,1.577194879,0,0.8840809061
Kyle O'Quinn,PF,0.8245593976,0,0,3.8300359,6.575738239,0.8560616822,0,1.089557404,3.259785162
Semi Ojeleye,PG,0,1.31685444,0,10.61673669,0,0,0.5862597632,0.04516980354,0.1125191745
Jahlil Okafor,C,0.5767210651,1.059816694,0,2.18694422,5.260994464,0,0,0,2.293534576
Elie Okobo,C,0,0.2275116196,0,0,3.359030237,1.45262131,0,0,1.101669391
Josh Okogie,C,0.8665085811,0.8654383895,0.2834857182,12.0536643,3.156801722,0.7051339015,1.118147309,1.009830771,2.674752084
KZ Okpala,PG,0.2591024825,0,0,0,1.385665746,0.02796754008,1.035270068,0,0
Victor Oladipo,SG,0.4738552735,1.328838745,2.170725613,10.25959171,1.849367717,0,0,0,3.064488421
Kelly Olynyk,PF,0.9829996457,0,0,9.757262669,4.719988551,4.188184698,1.131424519,1.590479386,1.37990698
Miye Oni,PF,0,0,0,0,0.6235476183,0,0,0,0
Cedi Osman,SF,0.3736962829,12.94605978,3.089707895,14.80051053,4.331004101,1.810274402,0.2288193993,0.7192665234,1.799708101
Kelly Oubre Jr.,SF,0.7183550669,6.842531796,4.972574809,13.76937711,4.937634782,2.811032922,1.889092992,0.3993784693,1.787716753
Tariq Owens,PG,0,9.273045236,0,2.354596694,0.568531281,0,1.389048127,0,0
Jeremy Pargo,SF,0.405363367,0,0,11.88375996,0.2507863149,1.85483013,0,0,0.3561174827
Jabari Parker,PF,0.3996789261,0,0,10.50565181,7.934406135,1.091667106,0,0.0813088568,0.8823098126
Chandler Parsons,SF,0.06968573695,0,2.201876126,4.185312675,1.795267895,0.7897699557,0,0.5127425522,1.728801524
Eric Paschall,PF,0.2068549293,0.09175111237,1.253973291,10.6368843,5.384029004,2.79622451,0.9302164732,0.2233892204,0.8714606025
Anžejs Pasečņiks,C,0.1996793584,0.8507053172,0,4.954084524,8.444245172,1.915107128,0.7095002951,0.05665720794,0.3660260245
Patrick Patterson,PF,0,0.2794875802,0.1018891762,0.7909786523,0,0.09419050301,0.1405902586,0.2955759738,0
Justin Patton,PF,0.3183422428,0,0.1121741291,1.824374839,0.6346437316,0.5030166801,0,0,0.2327072568
Chris Paul,PG,0.3717580452,0,4.944019814,11.16564952,6.091000563,10.28717346,0.7793593319,0,0.5523402039
Elfrid Payton,PG,0.1956823341,0,0,14.18941253,3.42292851,3.515487184,0.2823523514,1.143851335,1.764954493
Gary Payton II,PG,0.3918166526,0,0.5746412308,0,2.910527843,4.189898196,0.3414154772,0,0
Norvel Pelle,SG,0,0.6608108677,0,1.744476221,0,0.282199425,0,1.096967066,2.104701274
Theo Pinson,SF,0.3429155841,1.368595419,1.301069458,0,0.4924475453,1.69977515,0.7129092862,0.4902253222,0.4381215708
Mason Plumlee,C,0.04631145523,3.686285233,0,4.038358944,7.656529057,2.202287487,0.2410210981,1.531099058,0.09645333333
Vincent Poirier,C,0.4472303152,0.8596942091,0.2823640596,4.008017864,0.9973334548,0,0.1809281048,1.19053954,0.5324342236
Jakob Pöltl,C,1.985458279,0.76700233,0,2.713842476,3.346942833,3.47292664,0,1.81098082,1.701077812
Shamorie Ponds,C,0.7077425694,2.390622368,0.5241878834,0,0,0,0,0,0
Jordan Poole,C,0.5380398018,0.5583204584,0.3351970871,2.364600749,3.118780492,0,1.011676541,0.4179285143,1.768645594
Kevin Porter Jr.,C,0.5641662785,0,2.366172933,14.94408998,5.228484485,0,0.1979078797,0.496286805,1.690003702
Michael Porter Jr.,PF,0,0,1.005628979,7.661316391,1.371184999,1.272721386,1.081298269,0.5056013975,0.8298537166
Otto Porter,SF,0.3760856268,0,1.684336555,5.928903294,3.927795145,0.6206943306,0.3231492835,0,0.1219185415
Bobby Portis,PF,0.4528972889,0,2.695253657,17.51082629,8.401804557,4.320328742,0.6420659993,0,1.682443408
Kristaps Porziņģis,C,0.8351948912,0.4038498016,2.557490548,7.754760205,12.91092824,0,0.52245139,0.8929253275,1.444515784
Dwight Powell,PF,0.04884417769,1.276199125,0.2166977908,13.30773381,5.553274444,1.200344814,1.627538837,1.422567316,2.859426943
Norman Powell,PF,0.313497902,3.559357207,6.754988884,14.95034904,6.887875213,1.184881084,1.563535421,0.245975648,2.288153265
Chasson Randle,SF,0,0,0,2.094395832,0.4519921069,2.46739434,0,0,0
Julius Randle,PF,0.2386160471,1.851451241,1.931604172,31.65104486,5.866940459,2.752173905,0,0.7535763468,1.158377467
Josh Reaves,PF,0,0,0,0,0,0,0,0,0
Cam Reddish,SF,0.05873245799,3.566584741,0,16.84621231,3.32932127,3.13521228,0,0.4791050614,1.541241906
J.J. Redick,SG,0.2690944186,0.3509063455,2.582131737,16.77946874,4.300462924,0.8117704159,0.2525313077,0,0
Naz Reid,PF,0.5194641484,0,2.999305536,8.773214577,3.549951902,0.4951051425,1.577991242,1.311032037,1.275428694
Josh Richardson,SG,0.4175700963,4.605987947,1.096669796,1.524544256,3.128472709,0,1.1738585,1.357050044,1.988289587
Austin Rivers,PG,0.6686835509,0.03614126684,1.780751324,9.895765358,1.607973639,3.681076105,0.4487183705,0.8913077028,2.239929806
Duncan Robinson,PG,1.147249901,0,5.412797538,9.974464056,7.698690014,3.727190176,2.074347781,0.6329869772,0.0779611008
Glenn Robinson III,PG,0.4132737858,1.297591917,1.599841027,15.11500172,1.61480114,0,0.9112732091,1.073305117,0
Jerome Robinson,SF,0,0,2.764175982,5.03569868,1.396963259,0.653614358,0,0.6900276572,2.83664514
Justin Robinson,SF,0,0,0.6960419649,4.07348676,1.147549278,1.053488502,0,0.09821253339,0
Mitchell Robinson,C,7.294466573,1.189630189,0,18.10127814,3.996135311,0.8523443638,1.214559457,2.257644896,0.7927749406
Isaiah Roby,C,0,0,0,0,0.5276764642,0,0,0,1.403013161
Rajon Rondo,PG,0.5998816203,0.679613584,1.712764218,19.60053982,0.9203616261,7.771310876,0.78873054,0.0540763963,2.332466144
Derrick Rose,PG,0.4717841184,0.05092857765,0,27.3454061,3.106491422,6.840551299,3.254313164,0.7626755294,2.566826807
Terrence Ross,SG,0.4928912956,0.004483256281,5.476830954,10.12802364,4.751657755,1.143492546,0.5444213832,0.6510486953,1.794404621
Terry Rozier,PG,0,1.650969063,0.669021346,28.88772389,3.160848874,4.984903788,0.2860802648,0,0.9334239715
Ricky Rubio,PG,0.2147992688,1.806048971,2.226750368,8.89260896,1.179205495,11.25153769,1.527141555,0,0.769640132
D'Angelo Russell,PG,1.948716119,1.02751035,3.185271652,23.3708513,4.0716245,2.957329955,0.5751140801,0.4078271172,2.122230039
Domantas Sabonis,PF,0.1768505315,0.1560894934,0.3218937578,13.68583721,8.206762613,2.581962353,0,0,0
Luka Šamanić,SF,0,0,0,0,0,0,0,0,0
JaKarr Sampson,SF,0,0,0.1644939092,11.78909067,3.031647871,0.3017813654,1.411192243,0.5400911042,1.192187037
Dario Šarić,PF,2.703007793,0,2.055951893,14.61100723,1.578554521,1.813442596,0.2188043243,0.9544656718,2.567734898
Tomáš Satoranský,SF,0.4354013196,0,1.67633629,15.79786133,3.374943385,11.61010991,1.681540616,0.4671351781,5.447962777
Admiral Schofield,C,0.5844316183,0.002878800325,0,0.1994814179,2.256195631,0.9626345544,0,0,0
Dennis Schröder,PG,0.06659589633,0,3.367944156,11.22868096,2.193639118,4.509604618,0.6092743758,0.270581262,3.295699911
Mike Scott,PF,0.4254095582,0,1.034082147,1.859300506,0.577733764,0.7848181989,0,0.5771141675,0.9236875482
Thabo Sefolosha,SF,1.870136915,0,0,1.073714853,0,0,0.4776923601,0,0.01513590394
Collin Sexton,PG,0.5185703994,3.301447856,2.950900243,16.01594273,3.209780542,5.403989852,1.510084415,0.2600332551,0.3782662222
Landry Shamet,PG,0.8129008485,0,2.180265881,15.12165322,1.908547228,1.872895607,0.1999150308,0,1.636814243
Marial Shayok,SF,0.09693679878,0,1.221172287,0.9112829075,1.523780674,0.2587121461,0,0,0.9930227956
Iman Shumpert,SG,2.124025955,0,1.019493788,6.22008213,1.835769856,1.758755391,1.826905395,0,0.9810474144
Pascal Siakam,PF,0.4300158999,2.610018452,0.2346138519,26.18259015,13.86300058,1.365113907,0.8698936813,2.276870539,1.464813234
Chris Silva,C,1.32164089,1.203171542,0,0,2.704807837,0.5400724859,0,0.6199544193,0.5074451711
Ben Simmons,PG,0.7210810861,0.2756126161,0.09031988674,17.76039891,7.945419335,12.9564583,0,0.7372325823,5.378534829
Anfernee Simons,C,12.96543395,0.3005879004,1.28398637,7.804781883,4.43306074,0.7351400838,0,0.4958066279,1.583145434
Alen Smailagić,C,2.178487556,0.08407624241,0.107365972,1.03844928,2.188215713,0.8014516264,0.2055998014,1.236606462,0
Marcus Smart,PG,0.4326080578,1.847364312,0.09731474329,12.16573334,4.341118864,6.507089525,1.91514282,1.383263101,2.492819221
Dennis Smith Jr.,PG,0.8412855978,0.2219664007,1.336397465,12.37757374,3.913546143,7.855327837,0.2655689652,0,1.89239285
Ish Smith,PG,2.045008832,0,2.136924813,7.896618047,1.358632294,8.359568465,0,0.7625640121,2.090187345
Zhaire Smith,SG,0.0281306489,0.1516986441,0,0,0.353164337,0.03008370869,0.1427019548,0,0
Tony Snell,SF,0.7286362588,2.494919576,0.466973103,0,1.833849929,4.372510231,0,0.6676943123,0.3374622189
Omari Spellman,SF,0.5941299203,0,3.830531603,11.97640257,1.510964094,0,0.2046812339,1.204159223,0
Max Strus,SF,1.328202761,0,0,3.22258117,0,0,0,0,0
Edmond Sumner,SF,0.8340609037,0.1151047147,0,3.224922212,2.0413226,2.13918654,1.057246101,0,0
Caleb Swanigan,PG,0.7185219063,0,0,3.578767879,8.311703714,1.502623327,0.190169173,0,1.354261975
Jayson Tatum,SF,0.3228110662,0,0.9180572114,19.7616849,7.757868786,4.779976822,1.957247922,0.819570958,3.131292185
Jeff Teague,PG,0.3758334611,0,0.8958184269,7.541868454,2.114406448,5.777147608,1.960228758,0,2.288998151
Garrett Temple,PG,0.4059659752,0.143290863,1.970399232,9.961883005,0,1.865028972,0,0.1613089712,0.08723752025
Daniel Theis,SF,0.8765813963,0.7339698401,0,19.61390999,10.85496648,2.254139816,1.287392532,1.766644653,0
Isaiah Thomas,PG,0.2362579965,0,1.319422597,11.29333542,2.483104027,5.816651051,0.2550675906,0.352290274,2.013595423
Khyri Thomas,C,0,0.7056615949,0.9537788006,2.231627947,0.1544753904,0.8943390668,0.2749129783,0,0.5133168964
Matt Thomas,C,0,0,1.241831311,6.945576007,1.56303547,1.042711519,0.1833490821,0,0.7716889817
Tristan Thompson,C,0.05490649924,0.735216919,0,13.45337392,6.093622865,0.3084391734,1.229394559,0,1.348750568
Matisse Thybulle,C,0.627323692,0.3214021353,3.468529685,9.275510962,3.71969309,0,3.118027224,0.7305765081,2.938205607
Anthony Tolliver,PF,0,0,0.06575788355,4.594878672,4.134273518,0,0,0.7282782685,0
Juan Toscano-Anderson,PF,0.01359440221,7.669630746,0,0,1.56808439,4.709077397,1.466941031,0.2928902943,0.5017925997
Karl-Anthony Towns,C,0.2922345693,0.4177187835,4.425043995,26.72469628,9.486226494,3.94284419,0.1601368215,0.4233011095,4.238101212
Gary Trent Jr.,PG,0.3828516103,0.40328714,0.8468300322,10.22545802,2.037167135,0,1.185634328,1.712114981,0.125213045
Allonzo Trier,SG,0.3663771464,0.1450790521,0.1832331282,13.63512611,3.095574498,2.408225151,0.2480947195,0.08233928919,0.5467126279
P.J. Tucker,PF,0,0.5968648611,1.791188945,5.106300098,5.390121517,3.079339625,1.103639067,0.9062309309,0.3567697164
Rayjon Tucker,SF,0,0.7814437256,0,1.854153523,1.965118466,0.6610273137,0.07364929067,0,0.5060403183
Evan Turner,SF,4.373780437,0,0,2.961753742,3.937991849,1.128606679,0.7206178484,0,0
Myles Turner,PF,0.6368729784,0.6573384028,0.9186318068,13.37850907,5.242827925,0.8417563272,3.673900964,0,2.59211492
Jarrod Uthoff,C,0.4806026248,0.4592507754,0,2.105260523,0,0,0.6413066311,0,0
Jonas Valančiūnas,C,0.5471240604,3.434937955,0,13.19703555,12.89242881,3.622535991,1.200031584,2.327290105,5.978485558
Denzel Valentine,SF,0.8552054639,0,0,2.551990805,4.031373831,0,1.079705051,0,0.9684114801
Jarred Vanderbilt,SF,2.040402078,0,0,3.170622125,2.034294519,0.6398906731,0.7321544112,0.4960434532,0
Fred VanVleet,PG,0.3243237542,0.4173704593,2.174175741,22.53243482,3.017173075,11.04700461,0,1.338589516,2.246389187
Gabe Vincent,SF,0,0,0.5299681882,0,1.550631659,1.026278847,0.2444199882,0,0
Noah Vonleh,C,1.283824818,0.07814980349,0.4514709077,5.855348485,4.117079747,0,0.3669172381,0,1.462854422
Nikola Vučević,C,0.4938934073,0.7926349285,1.42171963,18.30602494,9.366597419,4.187950757,0.6395766262,0.27211672,0
Dean Wade,SG,1.079974408,0,0.02051331783,2.946628595,2.896349135,0.0492957399,0,1.773370781,0.6894470201
Moritz Wagner,C,1.063824336,0,0.872924685,14.31741221,5.479279631,0.9403527222,0.153583682,0.1631387899,0.2848062471
Dion Waiters,SG,0.2454900679,0,2.566976749,4.311653709,4.775207621,0.7392769628,0,0.3953264773,2.050338842
Kemba Walker,PG,0.5752684993,5.974847397,4.292660017,17.81436995,1.650132217,6.470100326,1.315844608,0.3556112327,0.7754932201
Lonnie Walker,PG,0,0.8822146806,0.3925993171,8.512800774,2.961182427,2.765207174,0,0,0.268806613
Tyrone Wallace,PG,0.6914305273,0,0,7.46514336,0,0.2627793054,0,0.1754473626,2.450717446
Taurean Prince,SG,0.6823040546,0.4723763945,2.939823577,12.12433035,8.777447441,3.657668371,0.9033222051,0,3.468515402
Derrick Walton,PG,0.4168227605,0.1534198799,0.6404637721,4.870131624,0.962524121,0.04005680183,0.2367312258,0,0.5491929414
Brad Wanamaker,C,0.4005807438,0,1.116170735,3.374835996,2.582040912,2.512852575,0,0.2746909456,0.02313417796
T.J. Warren,SF,0.8438797404,0.7306853461,2.845223447,22.50894026,3.584084741,2.831650428,2.89909945,0.07387996092,1.47590084
P.J. Washington,PG,0.5770214308,0,1.397406305,5.001236136,9.186921247,1.279880745,2.245962838,1.784746184,1.135933073
Yuta Watanabe,PG,0.2688658498,0,0.1730551535,2.740063177,0.590114846,0,0,0,0.05353532707
Tremont Waters,PG,0.3466229325,0,1.315075054,1.640468237,2.84555475,0,0,0,0
Paul Watson,PG,0,0,0,0.1486970712,0.661573055,0,0.06453789629,0.6712611341,0
Quinndary Weatherspoon,PG,0,0,0,0,0.973692729,0.4762490775,0,0,0
Russell Westbrook,PG,0.2841577396,0.4420230326,1.703332626,30.30185341,8.330091716,7.517105024,0,0.7767648271,4.667609101
Coby White,PG,0.4435545702,0.1512597392,0,6.227521669,3.553713327,5.223211599,1.217808489,0.2844233154,0.7665045143
Derrick White,PG,0.5248985364,0.2768026291,1.480616773,8.437642645,4.238186617,8.89456215,1.474685196,1.953231896,0.6270899327
Hassan Whiteside,C,1.048410038,2.795410679,0,12.2622481,15.69923028,0.06105458469,1.249909049,5.916032149,1.96882776
Andrew Wiggins,SF,0.2844811104,0.09415142012,1.331615069,25.54041076,2.285981791,5.163200967,0,2.516713771,2.235877535
Grant Williams,SF,0.3289194846,0.2774944739,0,2.980769462,2.773708673,0,1.027790725,1.862767469,0
Johnathan Williams,SF,0.158676054,0,0,0,4.271277898,0.1290766063,0.5050291825,1.603510258,0
Kenrich Williams,PG,0.3668016009,0,0.4550444949,2.166949017,8.834424219,4.655125607,0,1.7589704,0.2784917371
Lou Williams,PG,0.3060052213,1.053486885,2.318337553,0,2.136255577,4.592575634,0.9990773653,0,3.009162282
Marvin Williams,SF,0,0.7419292376,0,2.43097809,1.522984163,2.445709931,0.4711370549,0.4951344444,0
Robert Williams,C,0,0,0,6.230397627,7.520183492,0.2774415275,0.4845820914,0.783010332,0
Nigel Williams-Goss,C,0,1.872158269,0,0.03884240133,1.101627327,0,0.3185601427,0.4078869987,0
Zion Williamson,PF,1.174295312,0.5232317638,0,21.81282639,8.22965406,1.826188227,1.266859144,0.1083735297,3.82303679
D.J. Wilson,C,0.7489206443,0,0,5.962106459,4.399775045,0.9214546292,0.254961583,0.4329119161,1.185580605
Justise Winslow,SF,0.3111287741,0,0.5299647664,16.22384428,5.306340984,5.768760315,0,0.6415952398,2.666837216
Christian Wood,SG,0.7155151364,0.6730446079,0,1.380861402,6.408531294,0.6992015988,0.4067203614,1.77903309,0.1692439415
Delon Wright,SG,0.9380080371,2.410608921,0.5752929317,11.37236962,6.57756328,4.14613942,2.545927722,1.497818487,1.504262707
Justin Wright-Foreman,SG,0,0,0,0,0,0,0,0,0
Thaddeus Young,PF,0.1140301986,0,0.5527605782,12.83769282,6.580399392,2.456339906,1.779035115,0,0.7230855092
Trae Young,PG,0.5943095044,0.5279580518,0,36.60787125,5.473915318,8.116509497,0.1037749315,0,5.805146125
Cody Zeller,C,1.329163934,0.3741346568,0,15.04405641,8.090195661,2.01062744,0.9081584629,0.2038541405,0.5179237909
Ante Žižić,C,0.3413079669,1.254452242,0,6.312148333,3.287763049,0.6467739173,0.2884272498,0,0.4167032055
Ivica Zubac,C,0.2810111501,0.3268018609,0,7.361537965,1.832844809,2.022411271,0.2036784323,0.3233224093,1.423470281